Id,Chapter,Title,Picture,Audio,tags,deck
ueg_ca_01_000,Chapter 1 – Overview of Verb Tenses,UUEGi 1-0 Overview,"<img src=""ueg_ca_01_000.png"" />",[sound:ueg_ca_01_000.mp3],,Grammar Speaks::02. UUEGi Talking Heads::Chapter 1  –  Overview of Verb Tenses
ueg_ca_01_001,Chapter 1 – Overview of Verb Tenses,UUEGi 1-1 The simple tenses,"<img src=""ueg_ca_01_001.png"" />",[sound:ueg_ca_01_001.mp3],,Grammar Speaks::02. UUEGi Talking Heads::Chapter 1  –  Overview of Verb Tenses
ueg_ca_01_002,Chapter 1 – Overview of Verb Tenses,UUEGi 1-2 The progressive tenses,"<img src=""ueg_ca_01_002.png"" />",[sound:ueg_ca_01_002.mp3],,Grammar Speaks::02. UUEGi Talking Heads::Chapter 1  –  Overview of Verb Tenses
ueg_ca_01_003,Chapter 1 – Overview of Verb Tenses,UUEGi 1-3 The perfect tenses,"<img src=""ueg_ca_01_003.png"" />",[sound:ueg_ca_01_003.mp3],,Grammar Speaks::02. UUEGi Talking Heads::Chapter 1  –  Overview of Verb Tenses
ueg_ca_01_004,Chapter 1 – Overview of Verb Tenses,UUEGi 1-4 The perfect progressive tenses,"<img src=""ueg_ca_01_004.png"" />",[sound:ueg_ca_01_004.mp3],,Grammar Speaks::02. UUEGi Talking Heads::Chapter 1  –  Overview of Verb Tenses
ueg_ca_01_005,Chapter 1 – Overview of Verb Tenses,UUEGi 1-5 Summary chart of verb tenses,"<img src=""ueg_ca_01_005.png"" />",[sound:ueg_ca_01_005.mp3],,Grammar Speaks::02. UUEGi Talking Heads::Chapter 1  –  Overview of Verb Tenses
ueg_ca_01_006,Chapter 1 – Overview of Verb Tenses,UUEGi 1-6 Spelling of -ing and -ed forms,"<img src=""ueg_ca_01_006.png"" />",[sound:ueg_ca_01_006.mp3],,Grammar Speaks::02. UUEGi Talking Heads::Chapter 1  –  Overview of Verb Tenses
ueg_ca_02_000,"Chapter 2 – Present and Past, Simple and Progressive",UUEGi 2-0 Overview,"<img src=""ueg_ca_02_000.png"" />",[sound:ueg_ca_02_000.mp3],,"Grammar Speaks::02. UUEGi Talking Heads::Chapter 2  –  Present and Past, Simple and Progressive"
ueg_ca_02_001,"Chapter 2 – Present and Past, Simple and Progressive",UUEGi 2-1 Simple present,"<img src=""ueg_ca_02_001.png"" />",[sound:ueg_ca_02_001.mp3],,"Grammar Speaks::02. UUEGi Talking Heads::Chapter 2  –  Present and Past, Simple and Progressive"
ueg_ca_02_002,"Chapter 2 – Present and Past, Simple and Progressive",UUEGi 2-2 Present progressive,"<img src=""ueg_ca_02_002.png"" />",[sound:ueg_ca_02_002.mp3],,"Grammar Speaks::02. UUEGi Talking Heads::Chapter 2  –  Present and Past, Simple and Progressive"
ueg_ca_02_003,"Chapter 2 – Present and Past, Simple and Progressive",UUEGi 2-3 Stative verbs,"<img src=""ueg_ca_02_003.png"" />",[sound:ueg_ca_02_003.mp3],,"Grammar Speaks::02. UUEGi Talking Heads::Chapter 2  –  Present and Past, Simple and Progressive"
ueg_ca_02_004,"Chapter 2 – Present and Past, Simple and Progressive",UUEGi 2-4 Am/is/are being + adjective,"<img src=""ueg_ca_02_004.png"" />",[sound:ueg_ca_02_004.mp3],,"Grammar Speaks::02. UUEGi Talking Heads::Chapter 2  –  Present and Past, Simple and Progressive"
ueg_ca_02_005,"Chapter 2 – Present and Past, Simple and Progressive",UUEGi 2-5 Regular and irregular verbs,"<img src=""ueg_ca_02_005.png"" />",[sound:ueg_ca_02_005.mp3],,"Grammar Speaks::02. UUEGi Talking Heads::Chapter 2  –  Present and Past, Simple and Progressive"
ueg_ca_02_006,"Chapter 2 – Present and Past, Simple and Progressive",UUEGi 2-6 Regular verbs: pronunciation of -ed endings,"<img src=""ueg_ca_02_006.png"" />",[sound:ueg_ca_02_006.mp3],,"Grammar Speaks::02. UUEGi Talking Heads::Chapter 2  –  Present and Past, Simple and Progressive"
ueg_ca_02_007,"Chapter 2 – Present and Past, Simple and Progressive",UUEGi 2-7 Irregular verbs: an alphabetical list,"<img src=""ueg_ca_02_007.png"" />",[sound:ueg_ca_02_007.mp3],,"Grammar Speaks::02. UUEGi Talking Heads::Chapter 2  –  Present and Past, Simple and Progressive"
ueg_ca_02_008,"Chapter 2 – Present and Past, Simple and Progressive","UUEGi 2-8 Troublesome verbs: raise/rise, set/sit, lay/lie","<img src=""ueg_ca_02_008.png"" />",[sound:ueg_ca_02_008.mp3],,"Grammar Speaks::02. UUEGi Talking Heads::Chapter 2  –  Present and Past, Simple and Progressive"
ueg_ca_02_009,"Chapter 2 – Present and Past, Simple and Progressive",UUEGi 2-9 Simple past,"<img src=""ueg_ca_02_009.png"" />",[sound:ueg_ca_02_009.mp3],,"Grammar Speaks::02. UUEGi Talking Heads::Chapter 2  –  Present and Past, Simple and Progressive"
ueg_ca_02_010,"Chapter 2 – Present and Past, Simple and Progressive",UUEGi 2-10 Past progressive,"<img src=""ueg_ca_02_010.png"" />",[sound:ueg_ca_02_010.mp3],,"Grammar Speaks::02. UUEGi Talking Heads::Chapter 2  –  Present and Past, Simple and Progressive"
ueg_ca_02_011,"Chapter 2 – Present and Past, Simple and Progressive",UUEGi 2-11 Using progressive verbs with always to complain,"<img src=""ueg_ca_02_011.png"" />",[sound:ueg_ca_02_011.mp3],,"Grammar Speaks::02. UUEGi Talking Heads::Chapter 2  –  Present and Past, Simple and Progressive"
ueg_ca_02_012,"Chapter 2 – Present and Past, Simple and Progressive",UUEGi 2-12 Using expressions of place with progressive verbs,"<img src=""ueg_ca_02_012.png"" />",[sound:ueg_ca_02_012.mp3],,"Grammar Speaks::02. UUEGi Talking Heads::Chapter 2  –  Present and Past, Simple and Progressive"
ueg_ca_03_000,Chapter 3 – Perfect and Perfect Progressive Tenses,UUEGi 3-0 Overview,"<img src=""ueg_ca_03_000.png"" />",[sound:ueg_ca_03_000.mp3],,Grammar Speaks::02. UUEGi Talking Heads::Chapter 3  –  Perfect and Perfect Progressive Tenses
ueg_ca_03_001,Chapter 3 – Perfect and Perfect Progressive Tenses,UUEGi 3-1 Present perfect,"<img src=""ueg_ca_03_001.png"" />",[sound:ueg_ca_03_001.mp3],,Grammar Speaks::02. UUEGi Talking Heads::Chapter 3  –  Perfect and Perfect Progressive Tenses
ueg_ca_03_002,Chapter 3 – Perfect and Perfect Progressive Tenses,UUEGi 3-2 Present perfect progressive,"<img src=""ueg_ca_03_002.png"" />",[sound:ueg_ca_03_002.mp3],,Grammar Speaks::02. UUEGi Talking Heads::Chapter 3  –  Perfect and Perfect Progressive Tenses
ueg_ca_03_003,Chapter 3 – Perfect and Perfect Progressive Tenses,UUEGi 3-3 Past perfect,"<img src=""ueg_ca_03_003.png"" />",[sound:ueg_ca_03_003.mp3],,Grammar Speaks::02. UUEGi Talking Heads::Chapter 3  –  Perfect and Perfect Progressive Tenses
ueg_ca_03_004,Chapter 3 – Perfect and Perfect Progressive Tenses,UUEGi 3-4 Past perfect progressive,"<img src=""ueg_ca_03_004.png"" />",[sound:ueg_ca_03_004.mp3],,Grammar Speaks::02. UUEGi Talking Heads::Chapter 3  –  Perfect and Perfect Progressive Tenses
ueg_ca_04_000,Chapter 4 – Future Time,UUEGi 4-0 Overview,"<img src=""ueg_ca_04_000.png"" />",[sound:ueg_ca_04_000.mp3],,Grammar Speaks::02. UUEGi Talking Heads::Chapter 4  –  Future Time
ueg_ca_04_001,Chapter 4 – Future Time,UUEGi 4-1 Simple future: will and be going to,"<img src=""ueg_ca_04_001.png"" />",[sound:ueg_ca_04_001.mp3],,Grammar Speaks::02. UUEGi Talking Heads::Chapter 4  –  Future Time
ueg_ca_04_002,Chapter 4 – Future Time,UUEGi 4-2 Will vs. be going to,"<img src=""ueg_ca_04_002.png"" />",[sound:ueg_ca_04_002.mp3],,Grammar Speaks::02. UUEGi Talking Heads::Chapter 4  –  Future Time
ueg_ca_04_003,Chapter 4 – Future Time,UUEGi 4-3 Expressing the future in time clauses,"<img src=""ueg_ca_04_003.png"" />",[sound:ueg_ca_04_003.mp3],,Grammar Speaks::02. UUEGi Talking Heads::Chapter 4  –  Future Time
ueg_ca_04_004,Chapter 4 – Future Time,UUEGi 4-4 Using the present progressive and the simple present to express future time,"<img src=""ueg_ca_04_004.png"" />",[sound:ueg_ca_04_004.mp3],,Grammar Speaks::02. UUEGi Talking Heads::Chapter 4  –  Future Time
ueg_ca_04_005,Chapter 4 – Future Time,UUEGi 4-5 Future progressive,"<img src=""ueg_ca_04_005.png"" />",[sound:ueg_ca_04_005.mp3],,Grammar Speaks::02. UUEGi Talking Heads::Chapter 4  –  Future Time
ueg_ca_04_006,Chapter 4 – Future Time,UUEGi 4-6 Future perfect<br/>UUEGi 4-7 Future perfect progressive,"<img src=""ueg_ca_04_006.png"" />",[sound:ueg_ca_04_006.mp3],,Grammar Speaks::02. UUEGi Talking Heads::Chapter 4  –  Future Time
ueg_ca_05_000,Chapter 5 – Adverb Clauses of Time and Review of Verb Tenses,UUEGi 5-0 Overview,"<img src=""ueg_ca_05_000.png"" />",[sound:ueg_ca_05_000.mp3],,Grammar Speaks::02. UUEGi Talking Heads::Chapter 5  –  Adverb Clauses of Time and Review of Verb Tenses
ueg_ca_05_001,Chapter 5 – Adverb Clauses of Time and Review of Verb Tenses,UUEGi 5-1 Adverb clauses of time: form,"<img src=""ueg_ca_05_001.png"" />",[sound:ueg_ca_05_001.mp3],,Grammar Speaks::02. UUEGi Talking Heads::Chapter 5  –  Adverb Clauses of Time and Review of Verb Tenses
ueg_ca_05_002,Chapter 5 – Adverb Clauses of Time and Review of Verb Tenses,UUEGi 5-2 Using adverb clauses to show time relationships,"<img src=""ueg_ca_05_002.png"" />",[sound:ueg_ca_05_002.mp3],,Grammar Speaks::02. UUEGi Talking Heads::Chapter 5  –  Adverb Clauses of Time and Review of Verb Tenses
ueg_ca_06_000,Chapter 6 – Subject-Verb Agreement,UUEGi 6-0 Overview,"<img src=""ueg_ca_06_000.png"" />",[sound:ueg_ca_06_000.mp3],,Grammar Speaks::02. UUEGi Talking Heads::Chapter 6  –  Subject-Verb Agreement
ueg_ca_06_001,Chapter 6 – Subject-Verb Agreement,"UUEGi 6-1 Final –s/-es: use, pronunciation, and spelling","<img src=""ueg_ca_06_001.png"" />",[sound:ueg_ca_06_001.mp3],,Grammar Speaks::02. UUEGi Talking Heads::Chapter 6  –  Subject-Verb Agreement
ueg_ca_06_002,Chapter 6 – Subject-Verb Agreement,UUEGi 6-2 Basic subject-verb agreement,"<img src=""ueg_ca_06_002.png"" />",[sound:ueg_ca_06_002.mp3],,Grammar Speaks::02. UUEGi Talking Heads::Chapter 6  –  Subject-Verb Agreement
ueg_ca_06_003,Chapter 6 – Subject-Verb Agreement,UUEGi 6-3 Subject-verb agreement: using expressions of quantity,"<img src=""ueg_ca_06_003.png"" />",[sound:ueg_ca_06_003.mp3],,Grammar Speaks::02. UUEGi Talking Heads::Chapter 6  –  Subject-Verb Agreement
ueg_ca_06_004,Chapter 6 – Subject-Verb Agreement,UUEGi 6-4 Subject-verb agreement: using there + be,"<img src=""ueg_ca_06_004.png"" />",[sound:ueg_ca_06_004.mp3],,Grammar Speaks::02. UUEGi Talking Heads::Chapter 6  –  Subject-Verb Agreement
ueg_ca_06_005,Chapter 6 – Subject-Verb Agreement,UUEGi 6-5 Subject-verb agreement: some irregularities,"<img src=""ueg_ca_06_005.png"" />",[sound:ueg_ca_06_005.mp3],,Grammar Speaks::02. UUEGi Talking Heads::Chapter 6  –  Subject-Verb Agreement
ueg_ca_07_000,Chapter 7 – Nouns,UUEGi 7-0 Overview,"<img src=""ueg_ca_07_000.png"" />",[sound:ueg_ca_07_000.mp3],,Grammar Speaks::02. UUEGi Talking Heads::Chapter 7  –  Nouns
ueg_ca_07_001,Chapter 7 – Nouns,UUEGi 7-1 Regular and irregular plural nouns,"<img src=""ueg_ca_07_001.png"" />",[sound:ueg_ca_07_001.mp3],,Grammar Speaks::02. UUEGi Talking Heads::Chapter 7  –  Nouns
ueg_ca_07_002,Chapter 7 – Nouns,UUEGi 7-2 Possessive nouns,"<img src=""ueg_ca_07_002.png"" />",[sound:ueg_ca_07_002.mp3],,Grammar Speaks::02. UUEGi Talking Heads::Chapter 7  –  Nouns
ueg_ca_07_003,Chapter 7 – Nouns,UUEGi 7-3 Using nouns as modifiers,"<img src=""ueg_ca_07_003.png"" />",[sound:ueg_ca_07_003.mp3],,Grammar Speaks::02. UUEGi Talking Heads::Chapter 7  –  Nouns
ueg_ca_07_004,Chapter 7 – Nouns,UUEGi 7-4 Count and nouncount nouns,"<img src=""ueg_ca_07_004.png"" />",[sound:ueg_ca_07_004.mp3],,Grammar Speaks::02. UUEGi Talking Heads::Chapter 7  –  Nouns
ueg_ca_07_005,Chapter 7 – Nouns,UUEGi 7-5 Noncount nouns,"<img src=""ueg_ca_07_005.png"" />",[sound:ueg_ca_07_005.mp3],,Grammar Speaks::02. UUEGi Talking Heads::Chapter 7  –  Nouns
ueg_ca_07_006,Chapter 7 – Nouns,UUEGi 7-6 Some common nouncount nouns,"<img src=""ueg_ca_07_006.png"" />",[sound:ueg_ca_07_006.mp3],,Grammar Speaks::02. UUEGi Talking Heads::Chapter 7  –  Nouns
ueg_ca_07_007,Chapter 7 – Nouns,UUEGi 7-7 Basic article usage,"<img src=""ueg_ca_07_007.png"" />",[sound:ueg_ca_07_007.mp3],,Grammar Speaks::02. UUEGi Talking Heads::Chapter 7  –  Nouns
ueg_ca_07_008,Chapter 7 – Nouns,UUEGi 7-8 General guidelines for article usage,"<img src=""ueg_ca_07_008.png"" />",[sound:ueg_ca_07_008.mp3],,Grammar Speaks::02. UUEGi Talking Heads::Chapter 7  –  Nouns
ueg_ca_07_009,Chapter 7 – Nouns,UUEGi 7-9 Expressions of quantity,"<img src=""ueg_ca_07_009.png"" />",[sound:ueg_ca_07_009.mp3],,Grammar Speaks::02. UUEGi Talking Heads::Chapter 7  –  Nouns
ueg_ca_07_010,Chapter 7 – Nouns,UUEGi 7-10 Using a few and few; a little and little,"<img src=""ueg_ca_07_010.png"" />",[sound:ueg_ca_07_010.mp3],,Grammar Speaks::02. UUEGi Talking Heads::Chapter 7  –  Nouns
ueg_ca_07_011,Chapter 7 – Nouns,UUEGi 7-11 Using of in expressions of quantity,"<img src=""ueg_ca_07_011.png"" />",[sound:ueg_ca_07_011.mp3],,Grammar Speaks::02. UUEGi Talking Heads::Chapter 7  –  Nouns
ueg_ca_07_012,Chapter 7 – Nouns,UUEGi 7-12 All (of) and both (of),"<img src=""ueg_ca_07_012.png"" />",[sound:ueg_ca_07_012.mp3],,Grammar Speaks::02. UUEGi Talking Heads::Chapter 7  –  Nouns
ueg_ca_07_013,Chapter 7 – Nouns,"UUEGi 7-13 Singular expressions of quantity: one, each, every","<img src=""ueg_ca_07_013.png"" />",[sound:ueg_ca_07_013.mp3],,Grammar Speaks::02. UUEGi Talking Heads::Chapter 7  –  Nouns
ueg_ca_08_000,Chapter 8 – Pronouns,UUEGi 8-0 Overview,"<img src=""ueg_ca_08_000.png"" />",[sound:ueg_ca_08_000.mp3],,Grammar Speaks::02. UUEGi Talking Heads::Chapter 8  –  Pronouns
ueg_ca_08_001,Chapter 8 – Pronouns,UUEGi 8-1 Personal pronouns,"<img src=""ueg_ca_08_001.png"" />",[sound:ueg_ca_08_001.mp3],,Grammar Speaks::02. UUEGi Talking Heads::Chapter 8  –  Pronouns
ueg_ca_08_002,Chapter 8 – Pronouns,UUEGi 8-2 Personal pronouns: agreement with generic nouns and indefinite pronouns,"<img src=""ueg_ca_08_002.png"" />",[sound:ueg_ca_08_002.mp3],,Grammar Speaks::02. UUEGi Talking Heads::Chapter 8  –  Pronouns
ueg_ca_08_003,Chapter 8 – Pronouns,UUEGi 8-3 Personal pronouns: agreement with collective nouns,"<img src=""ueg_ca_08_003.png"" />",[sound:ueg_ca_08_003.mp3],,Grammar Speaks::02. UUEGi Talking Heads::Chapter 8  –  Pronouns
ueg_ca_08_004,Chapter 8 – Pronouns,UUEGi 8-4 Reflexive pronouns,"<img src=""ueg_ca_08_004.png"" />",[sound:ueg_ca_08_004.mp3],,Grammar Speaks::02. UUEGi Talking Heads::Chapter 8  –  Pronouns
ueg_ca_08_005,Chapter 8 – Pronouns,"UUEGi 8-5 Using you, one, and theyas impersonal pronouns","<img src=""ueg_ca_08_005.png"" />",[sound:ueg_ca_08_005.mp3],,Grammar Speaks::02. UUEGi Talking Heads::Chapter 8  –  Pronouns
ueg_ca_08_006,Chapter 8 – Pronouns,UUEGi 8-6 Forms of other,"<img src=""ueg_ca_08_006.png"" />",[sound:ueg_ca_08_006.mp3],,Grammar Speaks::02. UUEGi Talking Heads::Chapter 8  –  Pronouns
ueg_ca_08_007,Chapter 8 – Pronouns,UUEGi 8-7 Common expressions with other,"<img src=""ueg_ca_08_007.png"" />",[sound:ueg_ca_08_007.mp3],,Grammar Speaks::02. UUEGi Talking Heads::Chapter 8  –  Pronouns
ueg_ca_09_001,"Chapter 9 – Modals, Part 1",UUEGi 9-1 Introduction,"<img src=""ueg_ca_09_001.png"" />",[sound:ueg_ca_09_001.mp3],,"Grammar Speaks::02. UUEGi Talking Heads::Chapter 9  –  Modals, Part 1"
ueg_ca_09_002,"Chapter 9 – Modals, Part 1",UUEGi 9-2 Polite questions with I as the subject,"<img src=""ueg_ca_09_002.png"" />",[sound:ueg_ca_09_002.mp3],,"Grammar Speaks::02. UUEGi Talking Heads::Chapter 9  –  Modals, Part 1"
ueg_ca_09_003,"Chapter 9 – Modals, Part 1",UUEGi 9-3 Polite questions with you as the subject,"<img src=""ueg_ca_09_003.png"" />",[sound:ueg_ca_09_003.mp3],,"Grammar Speaks::02. UUEGi Talking Heads::Chapter 9  –  Modals, Part 1"
ueg_ca_09_004,"Chapter 9 – Modals, Part 1",UUEGi 9-4 Polite requests with would you mind,"<img src=""ueg_ca_09_004.png"" />",[sound:ueg_ca_09_004.mp3],,"Grammar Speaks::02. UUEGi Talking Heads::Chapter 9  –  Modals, Part 1"
ueg_ca_09_005,"Chapter 9 – Modals, Part 1","UUEGi 9-5 Expressing necessity: must, have to, have got to","<img src=""ueg_ca_09_005.png"" />",[sound:ueg_ca_09_005.mp3],,"Grammar Speaks::02. UUEGi Talking Heads::Chapter 9  –  Modals, Part 1"
ueg_ca_09_006,"Chapter 9 – Modals, Part 1",UUEGi 9-6 Lack of necessity and prohibition: have to and must in the negative,"<img src=""ueg_ca_09_006.png"" />",[sound:ueg_ca_09_006.mp3],,"Grammar Speaks::02. UUEGi Talking Heads::Chapter 9  –  Modals, Part 1"
ueg_ca_09_007,"Chapter 9 – Modals, Part 1","UUEGi 9-7 Advisability: should, ought to, had better","<img src=""ueg_ca_09_007.png"" />",[sound:ueg_ca_09_007.mp3],,"Grammar Speaks::02. UUEGi Talking Heads::Chapter 9  –  Modals, Part 1"
ueg_ca_09_008,"Chapter 9 – Modals, Part 1",UUEGi 9-8 The past form of should,"<img src=""ueg_ca_09_008.png"" />",[sound:ueg_ca_09_008.mp3],,"Grammar Speaks::02. UUEGi Talking Heads::Chapter 9  –  Modals, Part 1"
ueg_ca_09_009,"Chapter 9 – Modals, Part 1",UUEGi 9-9 Expectations: be supposed to,"<img src=""ueg_ca_09_009.png"" />",[sound:ueg_ca_09_009.mp3],,"Grammar Speaks::02. UUEGi Talking Heads::Chapter 9  –  Modals, Part 1"
ueg_ca_09_010,"Chapter 9 – Modals, Part 1","UUEGi 9-10 Making suggestions: let's, why don't, shall I/we","<img src=""ueg_ca_09_010.png"" />",[sound:ueg_ca_09_010.mp3],,"Grammar Speaks::02. UUEGi Talking Heads::Chapter 9  –  Modals, Part 1"
ueg_ca_09_011,"Chapter 9 – Modals, Part 1",UUEGi 9-11 Making suggestions: could vs. should,"<img src=""ueg_ca_09_011.png"" />",[sound:ueg_ca_09_011.mp3],,"Grammar Speaks::02. UUEGi Talking Heads::Chapter 9  –  Modals, Part 1"
ueg_ca_10_000,"Chapter 10 – Modals, Part 2",UUEGi 10-0 Overview,"<img src=""ueg_ca_10_000.png"" />",[sound:ueg_ca_10_000.mp3],,"Grammar Speaks::02. UUEGi Talking Heads::Chapter ​10  –  Modals, Part 2"
ueg_ca_10_001,"Chapter 10 – Modals, Part 2",UUEGi 10-1 Degrees of certainty: present time,"<img src=""ueg_ca_10_001.png"" />",[sound:ueg_ca_10_001.mp3],,"Grammar Speaks::02. UUEGi Talking Heads::Chapter ​10  –  Modals, Part 2"
ueg_ca_10_002,"Chapter 10 – Modals, Part 2",UUEGi 10-2 Degrees of certainty: present time negative,"<img src=""ueg_ca_10_002.png"" />",[sound:ueg_ca_10_002.mp3],,"Grammar Speaks::02. UUEGi Talking Heads::Chapter ​10  –  Modals, Part 2"
ueg_ca_10_003,"Chapter 10 – Modals, Part 2",UUEGi 10-3 Degrees of certainty: past time,"<img src=""ueg_ca_10_003.png"" />",[sound:ueg_ca_10_003.mp3],,"Grammar Speaks::02. UUEGi Talking Heads::Chapter ​10  –  Modals, Part 2"
ueg_ca_10_004,"Chapter 10 – Modals, Part 2",UUEGi 10-4 Degrees of certainty: future time,"<img src=""ueg_ca_10_004.png"" />",[sound:ueg_ca_10_004.mp3],,"Grammar Speaks::02. UUEGi Talking Heads::Chapter ​10  –  Modals, Part 2"
ueg_ca_10_005,"Chapter 10 – Modals, Part 2",UUEGi 10-5 Progressive forms of modals,"<img src=""ueg_ca_10_005.png"" />",[sound:ueg_ca_10_005.mp3],,"Grammar Speaks::02. UUEGi Talking Heads::Chapter ​10  –  Modals, Part 2"
ueg_ca_10_006,"Chapter 10 – Modals, Part 2",UUEGi 10-6 Ability: can and could,"<img src=""ueg_ca_10_006.png"" />",[sound:ueg_ca_10_006.mp3],,"Grammar Speaks::02. UUEGi Talking Heads::Chapter ​10  –  Modals, Part 2"
ueg_ca_10_007,"Chapter 10 – Modals, Part 2",UUEGi 10-7 Using would to express a repeated action in the past,"<img src=""ueg_ca_10_007.png"" />",[sound:ueg_ca_10_007.mp3],,"Grammar Speaks::02. UUEGi Talking Heads::Chapter ​10  –  Modals, Part 2"
ueg_ca_10_008,"Chapter 10 – Modals, Part 2",UUEGi 10-8 Expressing preference: would rather,"<img src=""ueg_ca_10_008.png"" />",[sound:ueg_ca_10_008.mp3],,"Grammar Speaks::02. UUEGi Talking Heads::Chapter ​10  –  Modals, Part 2"
ueg_ca_10_009,"Chapter 10 – Modals, Part 2",UUEGi 10-9 Combining modals with phrasal modals,"<img src=""ueg_ca_10_009.png"" />",[sound:ueg_ca_10_009.mp3],,"Grammar Speaks::02. UUEGi Talking Heads::Chapter ​10  –  Modals, Part 2"
ueg_ca_10_010,"Chapter 10 – Modals, Part 2",UUEGi 10-10 Summary chart of modals and similar expressions,"<img src=""ueg_ca_10_010.png"" />",[sound:ueg_ca_10_010.mp3],,"Grammar Speaks::02. UUEGi Talking Heads::Chapter ​10  –  Modals, Part 2"
ueg_ca_11_000,Chapter 11 – The Passive,UUEGi 11-0 Overview,"<img src=""ueg_ca_11_000.png"" />",[sound:ueg_ca_11_000.mp3],,Grammar Speaks::02. UUEGi Talking Heads::Chapter ​11  –  The Passive
ueg_ca_11_001,Chapter 11 – The Passive,UUEGi 11-1 Forming the passive,"<img src=""ueg_ca_11_001.png"" />",[sound:ueg_ca_11_001.mp3],,Grammar Speaks::02. UUEGi Talking Heads::Chapter ​11  –  The Passive
ueg_ca_11_002,Chapter 11 – The Passive,UUEGi 11-2 Using the passive,"<img src=""ueg_ca_11_002.png"" />",[sound:ueg_ca_11_002.mp3],,Grammar Speaks::02. UUEGi Talking Heads::Chapter ​11  –  The Passive
ueg_ca_11_003,Chapter 11 – The Passive,UUEGi 11-3 Indirect objects used as passive subjects,"<img src=""ueg_ca_11_003.png"" />",[sound:ueg_ca_11_003.mp3],,Grammar Speaks::02. UUEGi Talking Heads::Chapter ​11  –  The Passive
ueg_ca_11_004,Chapter 11 – The Passive,UUEGi 11-4 The passive form of modals and phrasal modals,"<img src=""ueg_ca_11_004.png"" />",[sound:ueg_ca_11_004.mp3],,Grammar Speaks::02. UUEGi Talking Heads::Chapter ​11  –  The Passive
ueg_ca_11_005,Chapter 11 – The Passive,UUEGi 11-5 Stative passive,"<img src=""ueg_ca_11_005.png"" />",[sound:ueg_ca_11_005.mp3],,Grammar Speaks::02. UUEGi Talking Heads::Chapter ​11  –  The Passive
ueg_ca_11_006,Chapter 11 – The Passive,UUEGi 11-6 Common stative passive verbs + prepositions,"<img src=""ueg_ca_11_006.png"" />",[sound:ueg_ca_11_006.mp3],,Grammar Speaks::02. UUEGi Talking Heads::Chapter ​11  –  The Passive
ueg_ca_11_007,Chapter 11 – The Passive,UUEGi 11-7 The passive with get,"<img src=""ueg_ca_11_007.png"" />",[sound:ueg_ca_11_007.mp3],,Grammar Speaks::02. UUEGi Talking Heads::Chapter ​11  –  The Passive
ueg_ca_11_008,Chapter 11 – The Passive,UUEGi 11-8 Participial adjectives,"<img src=""ueg_ca_11_008.png"" />",[sound:ueg_ca_11_008.mp3],,Grammar Speaks::02. UUEGi Talking Heads::Chapter ​11  –  The Passive
ueg_ca_12_000,Chapter 12 – Noun Clauses,UUEGi 12-0 Overview,"<img src=""ueg_ca_12_000.png"" />",[sound:ueg_ca_12_000.mp3],,Grammar Speaks::02. UUEGi Talking Heads::Chapter ​12  –  Noun Clauses
ueg_ca_12_001,Chapter 12 – Noun Clauses,UUEGi 12-1 Introduction,"<img src=""ueg_ca_12_001.png"" />",[sound:ueg_ca_12_001.mp3],,Grammar Speaks::02. UUEGi Talking Heads::Chapter ​12  –  Noun Clauses
ueg_ca_12_002,Chapter 12 – Noun Clauses,UUEGi 12-2 Noun clauses beginning with a question word,"<img src=""ueg_ca_12_002.png"" />",[sound:ueg_ca_12_002.mp3],,Grammar Speaks::02. UUEGi Talking Heads::Chapter ​12  –  Noun Clauses
ueg_ca_12_003,Chapter 12 – Noun Clauses,UUEGi 12-3 Noun clauses beginning with whether or if,"<img src=""ueg_ca_12_003.png"" />",[sound:ueg_ca_12_003.mp3],,Grammar Speaks::02. UUEGi Talking Heads::Chapter ​12  –  Noun Clauses
ueg_ca_12_004,Chapter 12 – Noun Clauses,UUEGi 12-4 Question words followed by infinitives,"<img src=""ueg_ca_12_004.png"" />",[sound:ueg_ca_12_004.mp3],,Grammar Speaks::02. UUEGi Talking Heads::Chapter ​12  –  Noun Clauses
ueg_ca_12_005,Chapter 12 – Noun Clauses,UUEGi 12-5 Noun clauses beginning with that,"<img src=""ueg_ca_12_005.png"" />",[sound:ueg_ca_12_005.mp3],,Grammar Speaks::02. UUEGi Talking Heads::Chapter ​12  –  Noun Clauses
ueg_ca_12_006,Chapter 12 – Noun Clauses,UUEGi 12-6 Quoted speech,"<img src=""ueg_ca_12_006.png"" />",[sound:ueg_ca_12_006.mp3],,Grammar Speaks::02. UUEGi Talking Heads::Chapter ​12  –  Noun Clauses
ueg_ca_12_007,Chapter 12 – Noun Clauses,UUEGi 12-7 Reported speech: verb forms in noun clauses,"<img src=""ueg_ca_12_007.png"" />",[sound:ueg_ca_12_007.mp3],,Grammar Speaks::02. UUEGi Talking Heads::Chapter ​12  –  Noun Clauses
ueg_ca_12_008,Chapter 12 – Noun Clauses,UUEGi 12-8 Using the subjunctive in noun clauses,"<img src=""ueg_ca_12_008.png"" />",[sound:ueg_ca_12_008.mp3],,Grammar Speaks::02. UUEGi Talking Heads::Chapter ​12  –  Noun Clauses
ueg_ca_12_009,Chapter 12 – Noun Clauses,UUEGi 12-9 Using -ever words,"<img src=""ueg_ca_12_009.png"" />",[sound:ueg_ca_12_009.mp3],,Grammar Speaks::02. UUEGi Talking Heads::Chapter ​12  –  Noun Clauses
ueg_ca_13_000,Chapter 13 – Adjective Clauses,UUEGi 13-0 Overview,"<img src=""ueg_ca_13_000.png"" />",[sound:ueg_ca_13_000.mp3],,Grammar Speaks::02. UUEGi Talking Heads::Chapter ​13  –  Adjective Clauses
ueg_ca_13_001,Chapter 13 – Adjective Clauses,UUEGi 13-1 Introduction,"<img src=""ueg_ca_13_001.png"" />",[sound:ueg_ca_13_001.mp3],,Grammar Speaks::02. UUEGi Talking Heads::Chapter ​13  –  Adjective Clauses
ueg_ca_13_002,Chapter 13 – Adjective Clauses,UUEGi 13-2 Adjective clause pronouns used as the subject,"<img src=""ueg_ca_13_002.png"" />",[sound:ueg_ca_13_002.mp3],,Grammar Speaks::02. UUEGi Talking Heads::Chapter ​13  –  Adjective Clauses
ueg_ca_13_003,Chapter 13 – Adjective Clauses,UUEGi 13-3 Adjective clause pronouns used as the object of a verb,"<img src=""ueg_ca_13_003.png"" />",[sound:ueg_ca_13_003.mp3],,Grammar Speaks::02. UUEGi Talking Heads::Chapter ​13  –  Adjective Clauses
ueg_ca_13_004,Chapter 13 – Adjective Clauses,UUEGi 13-4 Adjective clause pronouns used as the object of a preposition,"<img src=""ueg_ca_13_004.png"" />",[sound:ueg_ca_13_004.mp3],,Grammar Speaks::02. UUEGi Talking Heads::Chapter ​13  –  Adjective Clauses
ueg_ca_13_005,Chapter 13 – Adjective Clauses,UUEGi 13-5 Usual patterns of adjective clauses,"<img src=""ueg_ca_13_005.png"" />",[sound:ueg_ca_13_005.mp3],,Grammar Speaks::02. UUEGi Talking Heads::Chapter ​13  –  Adjective Clauses
ueg_ca_13_006,Chapter 13 – Adjective Clauses,UUEGi 13-6 Using whose,"<img src=""ueg_ca_13_006.png"" />",[sound:ueg_ca_13_006.mp3],,Grammar Speaks::02. UUEGi Talking Heads::Chapter ​13  –  Adjective Clauses
ueg_ca_13_007,Chapter 13 – Adjective Clauses,UUEGi 13-7 Using where in adjective clauses<br/>UUEGi 13-8 Using when in adjective clauses,"<img src=""ueg_ca_13_007.png"" />",[sound:ueg_ca_13_007.mp3],,Grammar Speaks::02. UUEGi Talking Heads::Chapter ​13  –  Adjective Clauses
ueg_ca_13_009,Chapter 13 – Adjective Clauses,UUEGi 13-9 Using adjective clauses to modify pronouns,"<img src=""ueg_ca_13_009.png"" />",[sound:ueg_ca_13_009.mp3],,Grammar Speaks::02. UUEGi Talking Heads::Chapter ​13  –  Adjective Clauses
ueg_ca_13_010,Chapter 13 – Adjective Clauses,UUEGi 13-10 Punctuating adjective clauses,"<img src=""ueg_ca_13_010.png"" />",[sound:ueg_ca_13_010.mp3],,Grammar Speaks::02. UUEGi Talking Heads::Chapter ​13  –  Adjective Clauses
ueg_ca_13_011,Chapter 13 – Adjective Clauses,UUEGi 13-11 Using expressions of quantity in adjective clauses,"<img src=""ueg_ca_13_011.png"" />",[sound:ueg_ca_13_011.mp3],,Grammar Speaks::02. UUEGi Talking Heads::Chapter ​13  –  Adjective Clauses
ueg_ca_13_012,Chapter 13 – Adjective Clauses,UUEGi 13-12 Using Noun + of  which,"<img src=""ueg_ca_13_012.png"" />",[sound:ueg_ca_13_012.mp3],,Grammar Speaks::02. UUEGi Talking Heads::Chapter ​13  –  Adjective Clauses
ueg_ca_13_013,Chapter 13 – Adjective Clauses,UUEGi 13-13 Using which to modify a whole sentence,"<img src=""ueg_ca_13_013.png"" />",[sound:ueg_ca_13_013.mp3],,Grammar Speaks::02. UUEGi Talking Heads::Chapter ​13  –  Adjective Clauses
ueg_ca_13_014,Chapter 13 – Adjective Clauses,UUEGi 13-14 Reducing adjective clauses to adjective phrases: introduction<br/>UUEGi 13-15 Changing an adjective clause to an adjective phrase,"<img src=""ueg_ca_13_014.png"" />",[sound:ueg_ca_13_014.mp3],,Grammar Speaks::02. UUEGi Talking Heads::Chapter ​13  –  Adjective Clauses
ueg_ca_14_000,"Chapter 14 – Gerunds and Infinitives, Part 1",UUEGi 14-0 Overview,"<img src=""ueg_ca_14_000.png"" />",[sound:ueg_ca_14_000.mp3],,"Grammar Speaks::02. UUEGi Talking Heads::Chapter ​14  –  Gerunds and Infinitives, Part 1"
ueg_ca_14_001,"Chapter 14 – Gerunds and Infinitives, Part 1",UUEGi 14-1 Gerunds: introduction,"<img src=""ueg_ca_14_001.png"" />",[sound:ueg_ca_14_001.mp3],,"Grammar Speaks::02. UUEGi Talking Heads::Chapter ​14  –  Gerunds and Infinitives, Part 1"
ueg_ca_14_002,"Chapter 14 – Gerunds and Infinitives, Part 1",UUEGi 14-2 Using gerunds as the objects of prepostions,"<img src=""ueg_ca_14_002.png"" />",[sound:ueg_ca_14_002.mp3],,"Grammar Speaks::02. UUEGi Talking Heads::Chapter ​14  –  Gerunds and Infinitives, Part 1"
ueg_ca_14_003,"Chapter 14 – Gerunds and Infinitives, Part 1",UUEGi 14-3 Common preposition combinations followed by gerunds<br/>UUEGi 14-4 Common verbs followed by gerunds,"<img src=""ueg_ca_14_003.png"" />",[sound:ueg_ca_14_003.mp3],,"Grammar Speaks::02. UUEGi Talking Heads::Chapter ​14  –  Gerunds and Infinitives, Part 1"
ueg_ca_14_005,"Chapter 14 – Gerunds and Infinitives, Part 1",UUEGi 14-5 Go + gerund,"<img src=""ueg_ca_14_005.png"" />",[sound:ueg_ca_14_005.mp3],,"Grammar Speaks::02. UUEGi Talking Heads::Chapter ​14  –  Gerunds and Infinitives, Part 1"
ueg_ca_14_006,"Chapter 14 – Gerunds and Infinitives, Part 1",UUEGi 14-6 Special expressions followed by -ing,"<img src=""ueg_ca_14_006.png"" />",[sound:ueg_ca_14_006.mp3],,"Grammar Speaks::02. UUEGi Talking Heads::Chapter ​14  –  Gerunds and Infinitives, Part 1"
ueg_ca_14_007,"Chapter 14 – Gerunds and Infinitives, Part 1",UUEGi 14-7 Common verbs followed by infinitives,"<img src=""ueg_ca_14_007.png"" />",[sound:ueg_ca_14_007.mp3],,"Grammar Speaks::02. UUEGi Talking Heads::Chapter ​14  –  Gerunds and Infinitives, Part 1"
ueg_ca_14_008,"Chapter 14 – Gerunds and Infinitives, Part 1",UUEGi 14-8 Common verbs followed by either infinitives or gerunds,"<img src=""ueg_ca_14_008.png"" />",[sound:ueg_ca_14_008.mp3],,"Grammar Speaks::02. UUEGi Talking Heads::Chapter ​14  –  Gerunds and Infinitives, Part 1"
ueg_ca_14_009,"Chapter 14 – Gerunds and Infinitives, Part 1",UUEGi 14-9 Reference list of verbs followed by gerunds<br/>UUEGi 14-10 Reference list of verbs followed by infinitives,"<img src=""ueg_ca_14_009.png"" />",[sound:ueg_ca_14_009.mp3],,"Grammar Speaks::02. UUEGi Talking Heads::Chapter ​14  –  Gerunds and Infinitives, Part 1"
ueg_ca_14_011,"Chapter 14 – Gerunds and Infinitives, Part 1",UUEGi 14-11 It + infinitive; gerunds and infinitives as subjects,"<img src=""ueg_ca_14_011.png"" />",[sound:ueg_ca_14_011.mp3],,"Grammar Speaks::02. UUEGi Talking Heads::Chapter ​14  –  Gerunds and Infinitives, Part 1"
ueg_ca_15_000,"Chapter 15 – Gerunds and Infinitives, Part 2",UUEGi 15-0 Overview,"<img src=""ueg_ca_15_000.png"" />",[sound:ueg_ca_15_000.mp3],,"Grammar Speaks::02. UUEGi Talking Heads::Chapter ​15  –  Gerunds and Infinitives, Part 2"
ueg_ca_15_001,"Chapter 15 – Gerunds and Infinitives, Part 2",UUEGi 15-1 Infinitive of purpose: in order to,"<img src=""ueg_ca_15_001.png"" />",[sound:ueg_ca_15_001.mp3],,"Grammar Speaks::02. UUEGi Talking Heads::Chapter ​15  –  Gerunds and Infinitives, Part 2"
ueg_ca_15_002,"Chapter 15 – Gerunds and Infinitives, Part 2",UUEGi 15-2 Adjectives followed by infinitives,"<img src=""ueg_ca_15_002.png"" />",[sound:ueg_ca_15_002.mp3],,"Grammar Speaks::02. UUEGi Talking Heads::Chapter ​15  –  Gerunds and Infinitives, Part 2"
ueg_ca_15_003,"Chapter 15 – Gerunds and Infinitives, Part 2",UUEGi 15-3 Using infinitves with too and enough,"<img src=""ueg_ca_15_003.png"" />",[sound:ueg_ca_15_003.mp3],,"Grammar Speaks::02. UUEGi Talking Heads::Chapter ​15  –  Gerunds and Infinitives, Part 2"
ueg_ca_15_004,"Chapter 15 – Gerunds and Infinitives, Part 2",UUEGi 15-4 Passive and past forms of infinitives and gerunds,"<img src=""ueg_ca_15_004.png"" />",[sound:ueg_ca_15_004.mp3],,"Grammar Speaks::02. UUEGi Talking Heads::Chapter ​15  –  Gerunds and Infinitives, Part 2"
ueg_ca_15_005,"Chapter 15 – Gerunds and Infinitives, Part 2",UUEGi 15-5 Using gerunds or passive infinitives following need,"<img src=""ueg_ca_15_005.png"" />",[sound:ueg_ca_15_005.mp3],,"Grammar Speaks::02. UUEGi Talking Heads::Chapter ​15  –  Gerunds and Infinitives, Part 2"
ueg_ca_15_006,"Chapter 15 – Gerunds and Infinitives, Part 2",UUEGi 15-6 Using a possessive to modify a gerund,"<img src=""ueg_ca_15_006.png"" />",[sound:ueg_ca_15_006.mp3],,"Grammar Speaks::02. UUEGi Talking Heads::Chapter ​15  –  Gerunds and Infinitives, Part 2"
ueg_ca_15_007,"Chapter 15 – Gerunds and Infinitives, Part 2",UUEGi 15-7 Using verbs of perception,"<img src=""ueg_ca_15_007.png"" />",[sound:ueg_ca_15_007.mp3],,"Grammar Speaks::02. UUEGi Talking Heads::Chapter ​15  –  Gerunds and Infinitives, Part 2"
ueg_ca_15_008,"Chapter 15 – Gerunds and Infinitives, Part 2",UUEGi 15-8 Using the simple form after let and help,"<img src=""ueg_ca_15_008.png"" />",[sound:ueg_ca_15_008.mp3],,"Grammar Speaks::02. UUEGi Talking Heads::Chapter ​15  –  Gerunds and Infinitives, Part 2"
ueg_ca_15_009,"Chapter 15 – Gerunds and Infinitives, Part 2","UUEGi 15-9 Using causative verbs: make, have, get","<img src=""ueg_ca_15_009.png"" />",[sound:ueg_ca_15_009.mp3],,"Grammar Speaks::02. UUEGi Talking Heads::Chapter ​15  –  Gerunds and Infinitives, Part 2"
ueg_ca_16_000,Chapter 16 – Coordinating Conjunctions,UUEGi 16-0 Overview,"<img src=""ueg_ca_16_000.png"" />",[sound:ueg_ca_16_000.mp3],,Grammar Speaks::02. UUEGi Talking Heads::Chapter ​16  –  Coordinating Conjunctions
ueg_ca_16_001,Chapter 16 – Coordinating Conjunctions,UUEGi 16-1 Parallel structure,"<img src=""ueg_ca_16_001.png"" />",[sound:ueg_ca_16_001.mp3],,Grammar Speaks::02. UUEGi Talking Heads::Chapter ​16  –  Coordinating Conjunctions
ueg_ca_16_002,Chapter 16 – Coordinating Conjunctions,UUEGi 16-2 Paired conjunctions: both… and; not on… but also; either… or; neither… nor,"<img src=""ueg_ca_16_002.png"" />",[sound:ueg_ca_16_002.mp3],,Grammar Speaks::02. UUEGi Talking Heads::Chapter ​16  –  Coordinating Conjunctions
ueg_ca_16_003,Chapter 16 – Coordinating Conjunctions,UUEGi 16-3 Combining independent clauses with coordinating conjunctions,"<img src=""ueg_ca_16_003.png"" />",[sound:ueg_ca_16_003.mp3],,Grammar Speaks::02. UUEGi Talking Heads::Chapter ​16  –  Coordinating Conjunctions
ueg_ca_17_000,Chapter 17 – Adverb Clauses,UUEGi 17-0 Overview,"<img src=""ueg_ca_17_000.png"" />",[sound:ueg_ca_17_000.mp3],,Grammar Speaks::02. UUEGi Talking Heads::Chapter ​17  –  Adverb Clauses
ueg_ca_17_001,Chapter 17 – Adverb Clauses,UUEGi 17-1 Introduction,"<img src=""ueg_ca_17_001.png"" />",[sound:ueg_ca_17_001.mp3],,Grammar Speaks::02. UUEGi Talking Heads::Chapter ​17  –  Adverb Clauses
ueg_ca_17_002,Chapter 17 – Adverb Clauses,UUEGi 17-2 Using adverb clauses to show cause and effect,"<img src=""ueg_ca_17_002.png"" />",[sound:ueg_ca_17_002.mp3],,Grammar Speaks::02. UUEGi Talking Heads::Chapter ​17  –  Adverb Clauses
ueg_ca_17_003,Chapter 17 – Adverb Clauses,UUEGi 17-3 Expressing contrast (unexpected result): Using even though,"<img src=""ueg_ca_17_003.png"" />",[sound:ueg_ca_17_003.mp3],,Grammar Speaks::02. UUEGi Talking Heads::Chapter ​17  –  Adverb Clauses
ueg_ca_17_004,Chapter 17 – Adverb Clauses,UUEGi 17-4 Showing direct contrast: while and whereas,"<img src=""ueg_ca_17_004.png"" />",[sound:ueg_ca_17_004.mp3],,Grammar Speaks::02. UUEGi Talking Heads::Chapter ​17  –  Adverb Clauses
ueg_ca_17_005,Chapter 17 – Adverb Clauses,UUEGi 17-5 Expressing conditions in adverb clauses: if-clauses,"<img src=""ueg_ca_17_005.png"" />",[sound:ueg_ca_17_005.mp3],,Grammar Speaks::02. UUEGi Talking Heads::Chapter ​17  –  Adverb Clauses
ueg_ca_17_006,Chapter 17 – Adverb Clauses,UUEGi 17-6 Adverb clauses of condition: using whether or not and even if,"<img src=""ueg_ca_17_006.png"" />",[sound:ueg_ca_17_006.mp3],,Grammar Speaks::02. UUEGi Talking Heads::Chapter ​17  –  Adverb Clauses
ueg_ca_17_007,Chapter 17 – Adverb Clauses,UUEGi 17-7 Adverb clauses of condition: using in case and in the event that,"<img src=""ueg_ca_17_007.png"" />",[sound:ueg_ca_17_007.mp3],,Grammar Speaks::02. UUEGi Talking Heads::Chapter ​17  –  Adverb Clauses
ueg_ca_17_008,Chapter 17 – Adverb Clauses,UUEGi 17-8 Adverb clauses of condition: using unless,"<img src=""ueg_ca_17_008.png"" />",[sound:ueg_ca_17_008.mp3],,Grammar Speaks::02. UUEGi Talking Heads::Chapter ​17  –  Adverb Clauses
ueg_ca_17_009,Chapter 17 – Adverb Clauses,UUEGi 17-9 Adverb clauses of condition: using only if,"<img src=""ueg_ca_17_009.png"" />",[sound:ueg_ca_17_009.mp3],,Grammar Speaks::02. UUEGi Talking Heads::Chapter ​17  –  Adverb Clauses
ueg_ca_18_000,Chapter 18 – Reduction of Adverb Clauses to Modifying Adverbial Phrases,UUEGi 18-0 Overview,"<img src=""ueg_ca_18_000.png"" />",[sound:ueg_ca_18_000.mp3],,Grammar Speaks::02. UUEGi Talking Heads::Chapter ​18  –  Reduction of Adverb Clauses to Modifying Adverbial Phrases
ueg_ca_18_001,Chapter 18 – Reduction of Adverb Clauses to Modifying Adverbial Phrases,UUEGi 18-1 Introduction,"<img src=""ueg_ca_18_001.png"" />",[sound:ueg_ca_18_001.mp3],,Grammar Speaks::02. UUEGi Talking Heads::Chapter ​18  –  Reduction of Adverb Clauses to Modifying Adverbial Phrases
ueg_ca_18_002,Chapter 18 – Reduction of Adverb Clauses to Modifying Adverbial Phrases,UUEGi 18-2 Changing time clauses to modifying adverbial phrases,"<img src=""ueg_ca_18_002.png"" />",[sound:ueg_ca_18_002.mp3],,Grammar Speaks::02. UUEGi Talking Heads::Chapter ​18  –  Reduction of Adverb Clauses to Modifying Adverbial Phrases
ueg_ca_18_003,Chapter 18 – Reduction of Adverb Clauses to Modifying Adverbial Phrases,UUEGi 18-3 Expressing the idea of “during the same time” in modifying adverbial phrases,"<img src=""ueg_ca_18_003.png"" />",[sound:ueg_ca_18_003.mp3],,Grammar Speaks::02. UUEGi Talking Heads::Chapter ​18  –  Reduction of Adverb Clauses to Modifying Adverbial Phrases
ueg_ca_18_004,Chapter 18 – Reduction of Adverb Clauses to Modifying Adverbial Phrases,UUEGi 18-4 Expressing cause and effect in modifying adverbial phrases,"<img src=""ueg_ca_18_004.png"" />",[sound:ueg_ca_18_004.mp3],,Grammar Speaks::02. UUEGi Talking Heads::Chapter ​18  –  Reduction of Adverb Clauses to Modifying Adverbial Phrases
ueg_ca_18_005,Chapter 18 – Reduction of Adverb Clauses to Modifying Adverbial Phrases,UUEGi 18-5 Using upon + -ing in modiying adverbial phrases,"<img src=""ueg_ca_18_005.png"" />",[sound:ueg_ca_18_005.mp3],,Grammar Speaks::02. UUEGi Talking Heads::Chapter ​18  –  Reduction of Adverb Clauses to Modifying Adverbial Phrases
ueg_ca_19_000,"Chapter 19 – Connectives that Express Cause and Effect, Contrast, and Condition",UUEGi 19-0 Overview,"<img src=""ueg_ca_19_000.png"" />",[sound:ueg_ca_19_000.mp3],,"Grammar Speaks::02. UUEGi Talking Heads::Chapter ​19  –  Connectives that Express Cause and Effect, Contrast, and Condition"
ueg_ca_19_001,"Chapter 19 – Connectives that Express Cause and Effect, Contrast, and Condition",UUEGi 19-1 Using because of and due to,"<img src=""ueg_ca_19_001.png"" />",[sound:ueg_ca_19_001.mp3],,"Grammar Speaks::02. UUEGi Talking Heads::Chapter ​19  –  Connectives that Express Cause and Effect, Contrast, and Condition"
ueg_ca_19_002,"Chapter 19 – Connectives that Express Cause and Effect, Contrast, and Condition",UUEGi 19-2 Using transitions to show cause and effect: therefore and consequently,"<img src=""ueg_ca_19_002.png"" />",[sound:ueg_ca_19_002.mp3],,"Grammar Speaks::02. UUEGi Talking Heads::Chapter ​19  –  Connectives that Express Cause and Effect, Contrast, and Condition"
ueg_ca_19_003,"Chapter 19 – Connectives that Express Cause and Effect, Contrast, and Condition",UUEGi 19-3 Summary of patterns and punctuation,"<img src=""ueg_ca_19_003.png"" />",[sound:ueg_ca_19_003.mp3],,"Grammar Speaks::02. UUEGi Talking Heads::Chapter ​19  –  Connectives that Express Cause and Effect, Contrast, and Condition"
ueg_ca_19_004,"Chapter 19 – Connectives that Express Cause and Effect, Contrast, and Condition",UUEGi 19-4 Other ways of expressing cause and effect: such… that and so… that,"<img src=""ueg_ca_19_004.png"" />",[sound:ueg_ca_19_004.mp3],,"Grammar Speaks::02. UUEGi Talking Heads::Chapter ​19  –  Connectives that Express Cause and Effect, Contrast, and Condition"
ueg_ca_19_005,"Chapter 19 – Connectives that Express Cause and Effect, Contrast, and Condition",UUEGi 19-5 Expressing purpose: using so that,"<img src=""ueg_ca_19_005.png"" />",[sound:ueg_ca_19_005.mp3],,"Grammar Speaks::02. UUEGi Talking Heads::Chapter ​19  –  Connectives that Express Cause and Effect, Contrast, and Condition"
ueg_ca_19_006,"Chapter 19 – Connectives that Express Cause and Effect, Contrast, and Condition",UUEGi 19-6 Showing contrast (unexpected result),"<img src=""ueg_ca_19_006.png"" />",[sound:ueg_ca_19_006.mp3],,"Grammar Speaks::02. UUEGi Talking Heads::Chapter ​19  –  Connectives that Express Cause and Effect, Contrast, and Condition"
ueg_ca_19_007,"Chapter 19 – Connectives that Express Cause and Effect, Contrast, and Condition",UUEGi 19-7 Showing direct contrast,"<img src=""ueg_ca_19_007.png"" />",[sound:ueg_ca_19_007.mp3],,"Grammar Speaks::02. UUEGi Talking Heads::Chapter ​19  –  Connectives that Express Cause and Effect, Contrast, and Condition"
ueg_ca_19_008,"Chapter 19 – Connectives that Express Cause and Effect, Contrast, and Condition",UUEGi 19-8 Expressing conditions: using otherwise and or (else),"<img src=""ueg_ca_19_008.png"" />",[sound:ueg_ca_19_008.mp3],,"Grammar Speaks::02. UUEGi Talking Heads::Chapter ​19  –  Connectives that Express Cause and Effect, Contrast, and Condition"
ueg_ca_19_009,"Chapter 19 – Connectives that Express Cause and Effect, Contrast, and Condition","UUEGi 19-9 Summary of connectives: cause and effect, contrast, condition","<img src=""ueg_ca_19_009.png"" />",[sound:ueg_ca_19_009.mp3],,"Grammar Speaks::02. UUEGi Talking Heads::Chapter ​19  –  Connectives that Express Cause and Effect, Contrast, and Condition"
ueg_ca_20_000,Chapter 20 – Conditional Sentences and Wishes,UUEGi 20-0 Overview,"<img src=""ueg_ca_20_000.png"" />",[sound:ueg_ca_20_000.mp3],,Grammar Speaks::02. UUEGi Talking Heads::Chapter ​20  –  Conditional Sentences and Wishes
ueg_ca_20_001,Chapter 20 – Conditional Sentences and Wishes,UUEGi 20-1 Overview of basic verb forms used in conditional sentences,"<img src=""ueg_ca_20_001.png"" />",[sound:ueg_ca_20_001.mp3],,Grammar Speaks::02. UUEGi Talking Heads::Chapter ​20  –  Conditional Sentences and Wishes
ueg_ca_20_002,Chapter 20 – Conditional Sentences and Wishes,UUEGi 20-2 True in the present or future,"<img src=""ueg_ca_20_002.png"" />",[sound:ueg_ca_20_002.mp3],,Grammar Speaks::02. UUEGi Talking Heads::Chapter ​20  –  Conditional Sentences and Wishes
ueg_ca_20_003,Chapter 20 – Conditional Sentences and Wishes,UUEGi 20-3 Untrue (contrary to fact) in the present or future,"<img src=""ueg_ca_20_003.png"" />",[sound:ueg_ca_20_003.mp3],,Grammar Speaks::02. UUEGi Talking Heads::Chapter ​20  –  Conditional Sentences and Wishes
ueg_ca_20_004,Chapter 20 – Conditional Sentences and Wishes,UUEGi 20-4 Untrue (contrary to fact) in the past,"<img src=""ueg_ca_20_004.png"" />",[sound:ueg_ca_20_004.mp3],,Grammar Speaks::02. UUEGi Talking Heads::Chapter ​20  –  Conditional Sentences and Wishes
ueg_ca_20_005,Chapter 20 – Conditional Sentences and Wishes,UUEGi 20-5 Using progressive verb forms in conditional sentences,"<img src=""ueg_ca_20_005.png"" />",[sound:ueg_ca_20_005.mp3],,Grammar Speaks::02. UUEGi Talking Heads::Chapter ​20  –  Conditional Sentences and Wishes
ueg_ca_20_006,Chapter 20 – Conditional Sentences and Wishes,UUEGi 20-6 Using “mixed time” in conditional sentences,"<img src=""ueg_ca_20_006.png"" />",[sound:ueg_ca_20_006.mp3],,Grammar Speaks::02. UUEGi Talking Heads::Chapter ​20  –  Conditional Sentences and Wishes
ueg_ca_20_007,Chapter 20 – Conditional Sentences and Wishes,UUEGi 20-7 Omitting if,"<img src=""ueg_ca_20_007.png"" />",[sound:ueg_ca_20_007.mp3],,Grammar Speaks::02. UUEGi Talking Heads::Chapter ​20  –  Conditional Sentences and Wishes
ueg_ca_20_008,Chapter 20 – Conditional Sentences and Wishes,UUEGi 20-8 Implied conditions,"<img src=""ueg_ca_20_008.png"" />",[sound:ueg_ca_20_008.mp3],,Grammar Speaks::02. UUEGi Talking Heads::Chapter ​20  –  Conditional Sentences and Wishes
ueg_ca_20_009,Chapter 20 – Conditional Sentences and Wishes,UUEGi 20-9 Using as if/as though,"<img src=""ueg_ca_20_009.png"" />",[sound:ueg_ca_20_009.mp3],,Grammar Speaks::02. UUEGi Talking Heads::Chapter ​20  –  Conditional Sentences and Wishes
ueg_ca_20_010,Chapter 20 – Conditional Sentences and Wishes,UUEGi 20-10 Verb forms following wish,"<img src=""ueg_ca_20_010.png"" />",[sound:ueg_ca_20_010.mp3],,Grammar Speaks::02. UUEGi Talking Heads::Chapter ​20  –  Conditional Sentences and Wishes
ueg_ca_20_011,Chapter 20 – Conditional Sentences and Wishes,UUEGi 20-11 Using would to make wishes about the future,"<img src=""ueg_ca_20_011.png"" />",[sound:ueg_ca_20_011.mp3],,Grammar Speaks::02. UUEGi Talking Heads::Chapter ​20  –  Conditional Sentences and Wishes
